<?xml version="1.0" encoding="UTF-8"?>
<metadata xml:lang="en"><Esri><CreaDate>20230814</CreaDate><CreaTime>12564600</CreaTime><ArcGISFormat>1.0</ArcGISFormat><SyncOnce>FALSE</SyncOnce><DataProperties><itemProps><itemName Sync="TRUE">GRTS_existingPlots_Aug14</itemName><imsContentType Sync="TRUE">002</imsContentType><itemLocation><linkage Sync="TRUE">file://\\CMP-3RV3533\G$\Shared drives\Tentacle Drive\Emory Oak ProjectS\Spatial Data\Exports for Sara to use in R\August Redo\GRTS_existingPlots_Aug14</linkage><protocol Sync="TRUE">Local Area Network</protocol></itemLocation><itemSize Sync="TRUE">0.000</itemSize></itemProps><coordRef><type Sync="TRUE">Projected</type><geogcsn Sync="TRUE">GCS_WGS_1984</geogcsn><csUnits Sync="TRUE">Linear Unit: Meter (1.000000)</csUnits><projcsn Sync="TRUE">WGS_1984_Web_Mercator_Auxiliary_Sphere</projcsn><peXml Sync="TRUE">&lt;ProjectedCoordinateSystem xsi:type='typens:ProjectedCoordinateSystem' xmlns:xsi='http://www.w3.org/2001/XMLSchema-instance' xmlns:xs='http://www.w3.org/2001/XMLSchema' xmlns:typens='http://www.esri.com/schemas/ArcGIS/3.1.0'&gt;&lt;WKT&gt;PROJCS[&amp;quot;WGS_1984_Web_Mercator_Auxiliary_Sphere&amp;quot;,GEOGCS[&amp;quot;GCS_WGS_1984&amp;quot;,DATUM[&amp;quot;D_WGS_1984&amp;quot;,SPHEROID[&amp;quot;WGS_1984&amp;quot;,6378137.0,298.257223563]],PRIMEM[&amp;quot;Greenwich&amp;quot;,0.0],UNIT[&amp;quot;Degree&amp;quot;,0.0174532925199433]],PROJECTION[&amp;quot;Mercator_Auxiliary_Sphere&amp;quot;],PARAMETER[&amp;quot;False_Easting&amp;quot;,0.0],PARAMETER[&amp;quot;False_Northing&amp;quot;,0.0],PARAMETER[&amp;quot;Central_Meridian&amp;quot;,0.0],PARAMETER[&amp;quot;Standard_Parallel_1&amp;quot;,0.0],PARAMETER[&amp;quot;Auxiliary_Sphere_Type&amp;quot;,0.0],UNIT[&amp;quot;Meter&amp;quot;,1.0],AUTHORITY[&amp;quot;EPSG&amp;quot;,3857]]&lt;/WKT&gt;&lt;XOrigin&gt;-20037700&lt;/XOrigin&gt;&lt;YOrigin&gt;-30241100&lt;/YOrigin&gt;&lt;XYScale&gt;148923141.92838538&lt;/XYScale&gt;&lt;ZOrigin&gt;-100000&lt;/ZOrigin&gt;&lt;ZScale&gt;10000&lt;/ZScale&gt;&lt;MOrigin&gt;-100000&lt;/MOrigin&gt;&lt;MScale&gt;10000&lt;/MScale&gt;&lt;XYTolerance&gt;0.001&lt;/XYTolerance&gt;&lt;ZTolerance&gt;0.001&lt;/ZTolerance&gt;&lt;MTolerance&gt;0.001&lt;/MTolerance&gt;&lt;HighPrecision&gt;true&lt;/HighPrecision&gt;&lt;WKID&gt;102100&lt;/WKID&gt;&lt;LatestWKID&gt;3857&lt;/LatestWKID&gt;&lt;/ProjectedCoordinateSystem&gt;</peXml></coordRef><lineage><Process ToolSource="c:\program files\arcgis\pro\Resources\ArcToolbox\toolboxes\Conversion Tools.tbx\ExportFeatures" Date="20230811" Time="120731">ExportFeatures Plot_Center "C:\Users\mws77\Documents\ArcGIS\Projects\DISES Emory oak sampling\DISES Emory oak sampling.gdb\OakPlotLocations_ACTUAL_11Aug2023" # NOT_USE_ALIAS "plot_id "plot_id" true true false 254 Text 0 0,First,#,Plot_Center,plot_id,0,254;plot_type "plot_type" true true false 10 Text 0 0,First,#,Plot_Center,plot_type,0,10;focal_spec "focal_spec" true true false 50 Text 0 0,First,#,Plot_Center,focal_spec,0,50;plot_notes "plot_notes" true true false 254 Text 0 0,First,#,Plot_Center,plot_notes,0,254;plot_locat "plot_locat" true true false 5 Long 0 5,First,#,Plot_Center,plot_locat,-1,-1;GlobalID "GlobalID" true true false 38 Text 0 0,First,#,Plot_Center,GlobalID,0,38;created_us "created_us" true true false 254 Text 0 0,First,#,Plot_Center,created_us,0,254;created_da "created_da" true true false 8 Date 0 0,First,#,Plot_Center,created_da,-1,-1;last_edite "last_edite" true true false 254 Text 0 0,First,#,Plot_Center,last_edite,0,254;last_edi_1 "last_edi_1" true true false 8 Date 0 0,First,#,Plot_Center,last_edi_1,-1,-1;ESRIGNSS_P "ESRIGNSS_P" true true false 5 Long 0 5,First,#,Plot_Center,ESRIGNSS_P,-1,-1;ESRIGNSS_R "ESRIGNSS_R" true true false 50 Text 0 0,First,#,Plot_Center,ESRIGNSS_R,0,50;ESRIGNSS_L "ESRIGNSS_L" true true false 19 Double 0 0,First,#,Plot_Center,ESRIGNSS_L,-1,-1;ESRIGNSS_1 "ESRIGNSS_1" true true false 19 Double 0 0,First,#,Plot_Center,ESRIGNSS_1,-1,-1;ESRIGNSS_A "ESRIGNSS_A" true true false 19 Double 0 0,First,#,Plot_Center,ESRIGNSS_A,-1,-1;ESRIGNSS_H "ESRIGNSS_H" true true false 19 Double 0 0,First,#,Plot_Center,ESRIGNSS_H,-1,-1;ESRIGNSS_V "ESRIGNSS_V" true true false 19 Double 0 0,First,#,Plot_Center,ESRIGNSS_V,-1,-1;ESRIGNSS_F "ESRIGNSS_F" true true false 8 Date 0 0,First,#,Plot_Center,ESRIGNSS_F,-1,-1;ESRIGNSS_2 "ESRIGNSS_2" true true false 5 Long 0 5,First,#,Plot_Center,ESRIGNSS_2,-1,-1;ESRIGNSS_C "ESRIGNSS_C" true true false 19 Double 0 0,First,#,Plot_Center,ESRIGNSS_C,-1,-1;ESRIGNSS_S "ESRIGNSS_S" true true false 5 Long 0 5,First,#,Plot_Center,ESRIGNSS_S,-1,-1;ESRIGNSS_N "ESRIGNSS_N" true true false 5 Long 0 5,First,#,Plot_Center,ESRIGNSS_N,-1,-1;ESRIGNSS_3 "ESRIGNSS_3" true true false 19 Double 0 0,First,#,Plot_Center,ESRIGNSS_3,-1,-1;ESRIGNSS_4 "ESRIGNSS_4" true true false 19 Double 0 0,First,#,Plot_Center,ESRIGNSS_4,-1,-1;ESRIGNSS_5 "ESRIGNSS_5" true true false 19 Double 0 0,First,#,Plot_Center,ESRIGNSS_5,-1,-1;ESRIGNSS_D "ESRIGNSS_D" true true false 19 Double 0 0,First,#,Plot_Center,ESRIGNSS_D,-1,-1;ESRIGNSS_6 "ESRIGNSS_6" true true false 19 Double 0 0,First,#,Plot_Center,ESRIGNSS_6,-1,-1;ESRISNSR_A "ESRISNSR_A" true true false 19 Double 0 0,First,#,Plot_Center,ESRISNSR_A,-1,-1;ESRIGNSS_7 "ESRIGNSS_7" true true false 19 Double 0 0,First,#,Plot_Center,ESRIGNSS_7,-1,-1;ESRIGNSS_8 "ESRIGNSS_8" true true false 19 Double 0 0,First,#,Plot_Center,ESRIGNSS_8,-1,-1;ESRIGNSS_9 "ESRIGNSS_9" true true false 5 Long 0 5,First,#,Plot_Center,ESRIGNSS_9,-1,-1;ESRIGNS_10 "ESRIGNS_10" true true false 19 Double 0 0,First,#,Plot_Center,ESRIGNS_10,-1,-1" #</Process><Process ToolSource="c:\program files\arcgis\pro\Resources\ArcToolbox\toolboxes\Data Management Tools.tbx\Merge" Date="20230814" Time="124359">Merge OakPlotLocations_ACTUAL_11Aug2023;DISES_plot20_forMerge;NOAA_moved_remaining_forMerge;EOCTRI_DoveSprings "G:\Shared drives\Tentacle Drive\Emory Oak ProjectS\Spatial Data\DISES Sampling Design\DISES_EO_sampling.gdb\GRTS_existingPlots_Aug14" "plot_id "plot_id" true true false 254 Text 0 0,First,#,OakPlotLocations_ACTUAL_11Aug2023,plot_id,0,254;plot_type "plot_type" true true false 10 Text 0 0,First,#,OakPlotLocations_ACTUAL_11Aug2023,plot_type,0,10;focal_spec "focal_spec" true true false 50 Text 0 0,First,#,OakPlotLocations_ACTUAL_11Aug2023,focal_spec,0,50;plot_notes "plot_notes" true true false 254 Text 0 0,First,#,OakPlotLocations_ACTUAL_11Aug2023,plot_notes,0,254;plot_locat "plot_locat" true true false 4 Long 0 0,First,#,OakPlotLocations_ACTUAL_11Aug2023,plot_locat,-1,-1;GlobalID "GlobalID" true true false 38 Text 0 0,First,#,OakPlotLocations_ACTUAL_11Aug2023,GlobalID,0,38;created_us "created_us" true true false 254 Text 0 0,First,#,OakPlotLocations_ACTUAL_11Aug2023,created_us,0,254;created_da "created_da" true true false 8 Date 0 0,First,#,OakPlotLocations_ACTUAL_11Aug2023,created_da,-1,-1;last_edite "last_edite" true true false 254 Text 0 0,First,#,OakPlotLocations_ACTUAL_11Aug2023,last_edite,0,254;last_edi_1 "last_edi_1" true true false 8 Date 0 0,First,#,OakPlotLocations_ACTUAL_11Aug2023,last_edi_1,-1,-1;ESRIGNSS_P "ESRIGNSS_P" true true false 4 Long 0 0,First,#,OakPlotLocations_ACTUAL_11Aug2023,ESRIGNSS_P,-1,-1;ESRIGNSS_R "ESRIGNSS_R" true true false 50 Text 0 0,First,#,OakPlotLocations_ACTUAL_11Aug2023,ESRIGNSS_R,0,50;ESRIGNSS_L "ESRIGNSS_L" true true false 8 Double 0 0,First,#,OakPlotLocations_ACTUAL_11Aug2023,ESRIGNSS_L,-1,-1;ESRIGNSS_1 "ESRIGNSS_1" true true false 8 Double 0 0,First,#,OakPlotLocations_ACTUAL_11Aug2023,ESRIGNSS_1,-1,-1;ESRIGNSS_A "ESRIGNSS_A" true true false 8 Double 0 0,First,#,OakPlotLocations_ACTUAL_11Aug2023,ESRIGNSS_A,-1,-1;ESRIGNSS_H "ESRIGNSS_H" true true false 8 Double 0 0,First,#,OakPlotLocations_ACTUAL_11Aug2023,ESRIGNSS_H,-1,-1;ESRIGNSS_V "ESRIGNSS_V" true true false 8 Double 0 0,First,#,OakPlotLocations_ACTUAL_11Aug2023,ESRIGNSS_V,-1,-1;ESRIGNSS_F "ESRIGNSS_F" true true false 8 Date 0 0,First,#,OakPlotLocations_ACTUAL_11Aug2023,ESRIGNSS_F,-1,-1;ESRIGNSS_2 "ESRIGNSS_2" true true false 4 Long 0 0,First,#,OakPlotLocations_ACTUAL_11Aug2023,ESRIGNSS_2,-1,-1;ESRIGNSS_C "ESRIGNSS_C" true true false 8 Double 0 0,First,#,OakPlotLocations_ACTUAL_11Aug2023,ESRIGNSS_C,-1,-1;ESRIGNSS_S "ESRIGNSS_S" true true false 4 Long 0 0,First,#,OakPlotLocations_ACTUAL_11Aug2023,ESRIGNSS_S,-1,-1;ESRIGNSS_N "ESRIGNSS_N" true true false 4 Long 0 0,First,#,OakPlotLocations_ACTUAL_11Aug2023,ESRIGNSS_N,-1,-1;ESRIGNSS_3 "ESRIGNSS_3" true true false 8 Double 0 0,First,#,OakPlotLocations_ACTUAL_11Aug2023,ESRIGNSS_3,-1,-1;ESRIGNSS_4 "ESRIGNSS_4" true true false 8 Double 0 0,First,#,OakPlotLocations_ACTUAL_11Aug2023,ESRIGNSS_4,-1,-1;ESRIGNSS_5 "ESRIGNSS_5" true true false 8 Double 0 0,First,#,OakPlotLocations_ACTUAL_11Aug2023,ESRIGNSS_5,-1,-1;ESRIGNSS_D "ESRIGNSS_D" true true false 8 Double 0 0,First,#,OakPlotLocations_ACTUAL_11Aug2023,ESRIGNSS_D,-1,-1;ESRIGNSS_6 "ESRIGNSS_6" true true false 8 Double 0 0,First,#,OakPlotLocations_ACTUAL_11Aug2023,ESRIGNSS_6,-1,-1;ESRISNSR_A "ESRISNSR_A" true true false 8 Double 0 0,First,#,OakPlotLocations_ACTUAL_11Aug2023,ESRISNSR_A,-1,-1;ESRIGNSS_7 "ESRIGNSS_7" true true false 8 Double 0 0,First,#,OakPlotLocations_ACTUAL_11Aug2023,ESRIGNSS_7,-1,-1;ESRIGNSS_8 "ESRIGNSS_8" true true false 8 Double 0 0,First,#,OakPlotLocations_ACTUAL_11Aug2023,ESRIGNSS_8,-1,-1;ESRIGNSS_9 "ESRIGNSS_9" true true false 4 Long 0 0,First,#,OakPlotLocations_ACTUAL_11Aug2023,ESRIGNSS_9,-1,-1;ESRIGNS_10 "ESRIGNS_10" true true false 8 Double 0 0,First,#,OakPlotLocations_ACTUAL_11Aug2023,ESRIGNS_10,-1,-1;siteID "siteID" true true false 80 Text 0 0,First,#,DISES_plot20_forMerge,siteID,0,80,NOAA_moved_remaining_forMerge,siteID,0,80;Name "Name" true true false 320 Text 0 0,First,#,DISES_plot20_forMerge,Name,0,320,EOCTRI_DoveSprings,Name,0,320;PlotType "PlotType" true true false 255 Text 0 0,First,#,DISES_plot20_forMerge,PlotType,0,255;ALT_STATUS "ALT_STATUS" true true false 255 Text 0 0,First,#,DISES_plot20_forMerge,ALT_STATUS,0,255;siteuse "siteuse" true true false 80 Text 0 0,First,#,NOAA_moved_remaining_forMerge,siteuse,0,80;Dissolve "Dissolve" true true false 80 Text 0 0,First,#,NOAA_moved_remaining_forMerge,Dissolve,0,80;Oak100_siteID "Oak100_siteID" true true false 4 Long 0 0,First,#,NOAA_moved_remaining_forMerge,Oak100_siteID,-1,-1;Moved "Moved" true true false 255 Text 0 0,First,#,NOAA_moved_remaining_forMerge,Moved,0,255;New_siteID "New_siteID" true true false 255 Text 0 0,First,#,NOAA_moved_remaining_forMerge,New_siteID,0,255;FolderPath "FolderPath" true true false 320 Text 0 0,First,#,EOCTRI_DoveSprings,FolderPath,0,320;SymbolID "SymbolID" true true false 4 Long 0 0,First,#,EOCTRI_DoveSprings,SymbolID,-1,-1;AltMode "AltMode" true true false 2 Short 0 0,First,#,EOCTRI_DoveSprings,AltMode,-1,-1;Base "Base" true true false 8 Double 0 0,First,#,EOCTRI_DoveSprings,Base,-1,-1;Snippet "Snippet" true true false 268435455 Text 0 0,First,#,EOCTRI_DoveSprings,Snippet,0,268435455;PopupInfo "PopupInfo" true true false 268435455 Text 0 0,First,#,EOCTRI_DoveSprings,PopupInfo,0,268435455;HasLabel "HasLabel" true true false 2 Short 0 0,First,#,EOCTRI_DoveSprings,HasLabel,-1,-1;LabelID "LabelID" true true false 4 Long 0 0,First,#,EOCTRI_DoveSprings,LabelID,-1,-1" NO_SOURCE_INFO</Process><Process ToolSource="c:\program files\arcgis\pro\Resources\ArcToolbox\toolboxes\Data Management Tools.tbx\CopyFeatures" Date="20230814" Time="125243">CopyFeatures GRTS_existingPlots_Aug14 "G:\Shared drives\Tentacle Drive\Emory Oak ProjectS\Spatial Data\Exports for Sara to use in R\GRTS_existingPlots_Aug14.shp" # # # #</Process><Process ToolSource="c:\program files\arcgis\pro\Resources\ArcToolbox\toolboxes\Data Management Tools.tbx\Copy" Date="20230814" Time="125646">Copy "G:\Shared drives\Tentacle Drive\Emory Oak ProjectS\Spatial Data\Exports for Sara to use in R\GRTS_existingPlots_Aug14.shp" "G:\Shared drives\Tentacle Drive\Emory Oak ProjectS\Spatial Data\Exports for Sara to use in R\August Redo\GRTS_existingPlots_Aug14.shp" Shapefile #</Process></lineage><copyHistory><copy source="G:\Shared drives\Tentacle Drive\Emory Oak ProjectS\Spatial Data\Exports for Sara to use in R\GRTS_existingPlots_Aug14" dest="\\CMP-3RV3533\G$\Shared drives\Tentacle Drive\Emory Oak ProjectS\Spatial Data\Exports for Sara to use in R\August Redo\GRTS_existingPlots_Aug14" date="20230814" time="12564600"></copy></copyHistory></DataProperties><SyncDate>20230814</SyncDate><SyncTime>12523700</SyncTime><ModDate>20230814</ModDate><ModTime>12523700</ModTime></Esri><dataIdInfo><envirDesc Sync="TRUE">Microsoft Windows 10 Version 10.0 (Build 19045) ; Esri ArcGIS 13.1.2.41833</envirDesc><dataLang><languageCode value="eng" Sync="TRUE"></languageCode><countryCode value="USA" Sync="TRUE"></countryCode></dataLang><idCitation><resTitle Sync="TRUE">GRTS_existingPlots_Aug14</resTitle><presForm><PresFormCd value="005" Sync="TRUE"></PresFormCd></presForm></idCitation><spatRpType><SpatRepTypCd value="001" Sync="TRUE"></SpatRepTypCd></spatRpType></dataIdInfo><mdLang><languageCode value="eng" Sync="TRUE"></languageCode><countryCode value="USA" Sync="TRUE"></countryCode></mdLang><distInfo><distFormat><formatName Sync="TRUE">Shapefile</formatName></distFormat><distTranOps><transSize Sync="TRUE">0.000</transSize></distTranOps></distInfo><mdHrLv><ScopeCd value="005" Sync="TRUE"></ScopeCd></mdHrLv><mdHrLvName Sync="TRUE">dataset</mdHrLvName><refSysInfo><RefSystem><refSysID><identCode code="3857" Sync="TRUE"></identCode><idCodeSpace Sync="TRUE">EPSG</idCodeSpace><idVersion Sync="TRUE">6.18.3(9.3.1.2)</idVersion></refSysID></RefSystem></refSysInfo><spatRepInfo><VectSpatRep><geometObjs Name="GRTS_existingPlots_Aug14"><geoObjTyp><GeoObjTypCd value="004" Sync="TRUE"></GeoObjTypCd></geoObjTyp><geoObjCnt Sync="TRUE">0</geoObjCnt></geometObjs><topLvl><TopoLevCd value="001" Sync="TRUE"></TopoLevCd></topLvl></VectSpatRep></spatRepInfo><spdoinfo><ptvctinf><esriterm Name="GRTS_existingPlots_Aug14"><efeatyp Sync="TRUE">Simple</efeatyp><efeageom code="1" Sync="TRUE"></efeageom><esritopo Sync="TRUE">FALSE</esritopo><efeacnt Sync="TRUE">0</efeacnt><spindex Sync="TRUE">FALSE</spindex><linrefer Sync="TRUE">TRUE</linrefer></esriterm></ptvctinf></spdoinfo><eainfo><detailed Name="GRTS_existingPlots_Aug14"><enttyp><enttypl Sync="TRUE">GRTS_existingPlots_Aug14</enttypl><enttypt Sync="TRUE">Feature Class</enttypt><enttypc Sync="TRUE">0</enttypc></enttyp><attr><attrlabl Sync="TRUE">FID</attrlabl><attalias Sync="TRUE">FID</attalias><attrtype Sync="TRUE">OID</attrtype><attwidth Sync="TRUE">4</attwidth><atprecis Sync="TRUE">0</atprecis><attscale Sync="TRUE">0</attscale><attrdef Sync="TRUE">Internal feature number.</attrdef><attrdefs Sync="TRUE">Esri</attrdefs><attrdomv><udom Sync="TRUE">Sequential unique whole numbers that are automatically generated.</udom></attrdomv></attr><attr><attrlabl Sync="TRUE">Shape</attrlabl><attalias Sync="TRUE">Shape</attalias><attrtype Sync="TRUE">Geometry</attrtype><attwidth Sync="TRUE">0</attwidth><atprecis Sync="TRUE">0</atprecis><attscale Sync="TRUE">0</attscale><attrdef Sync="TRUE">Feature geometry.</attrdef><attrdefs Sync="TRUE">Esri</attrdefs><attrdomv><udom Sync="TRUE">Coordinates defining the features.</udom></attrdomv></attr><attr><attrlabl Sync="TRUE">plot_id</attrlabl><attalias Sync="TRUE">plot_id</attalias><attrtype Sync="TRUE">String</attrtype><attwidth Sync="TRUE">254</attwidth><atprecis Sync="TRUE">0</atprecis><attscale Sync="TRUE">0</attscale></attr><attr><attrlabl Sync="TRUE">plot_type</attrlabl><attalias Sync="TRUE">plot_type</attalias><attrtype Sync="TRUE">String</attrtype><attwidth Sync="TRUE">10</attwidth><atprecis Sync="TRUE">0</atprecis><attscale Sync="TRUE">0</attscale></attr><attr><attrlabl Sync="TRUE">focal_spec</attrlabl><attalias Sync="TRUE">focal_spec</attalias><attrtype Sync="TRUE">String</attrtype><attwidth Sync="TRUE">50</attwidth><atprecis Sync="TRUE">0</atprecis><attscale Sync="TRUE">0</attscale></attr><attr><attrlabl Sync="TRUE">plot_notes</attrlabl><attalias Sync="TRUE">plot_notes</attalias><attrtype Sync="TRUE">String</attrtype><attwidth Sync="TRUE">254</attwidth><atprecis Sync="TRUE">0</atprecis><attscale Sync="TRUE">0</attscale></attr><attr><attrlabl Sync="TRUE">plot_locat</attrlabl><attalias Sync="TRUE">plot_locat</attalias><attrtype Sync="TRUE">Integer</attrtype><attwidth Sync="TRUE">10</attwidth><atprecis Sync="TRUE">10</atprecis><attscale Sync="TRUE">0</attscale></attr><attr><attrlabl Sync="TRUE">GlobalID</attrlabl><attalias Sync="TRUE">GlobalID</attalias><attrtype Sync="TRUE">String</attrtype><attwidth Sync="TRUE">38</attwidth><atprecis Sync="TRUE">0</atprecis><attscale Sync="TRUE">0</attscale></attr><attr><attrlabl Sync="TRUE">created_us</attrlabl><attalias Sync="TRUE">created_us</attalias><attrtype Sync="TRUE">String</attrtype><attwidth Sync="TRUE">254</attwidth><atprecis Sync="TRUE">0</atprecis><attscale Sync="TRUE">0</attscale></attr><attr><attrlabl Sync="TRUE">created_da</attrlabl><attalias Sync="TRUE">created_da</attalias><attrtype Sync="TRUE">Date</attrtype><attwidth Sync="TRUE">8</attwidth><atprecis Sync="TRUE">0</atprecis><attscale Sync="TRUE">0</attscale></attr><attr><attrlabl Sync="TRUE">last_edite</attrlabl><attalias Sync="TRUE">last_edite</attalias><attrtype Sync="TRUE">String</attrtype><attwidth Sync="TRUE">254</attwidth><atprecis Sync="TRUE">0</atprecis><attscale Sync="TRUE">0</attscale></attr><attr><attrlabl Sync="TRUE">last_edi_1</attrlabl><attalias Sync="TRUE">last_edi_1</attalias><attrtype Sync="TRUE">Date</attrtype><attwidth Sync="TRUE">8</attwidth><atprecis Sync="TRUE">0</atprecis><attscale Sync="TRUE">0</attscale></attr><attr><attrlabl Sync="TRUE">ESRIGNSS_P</attrlabl><attalias Sync="TRUE">ESRIGNSS_P</attalias><attrtype Sync="TRUE">Integer</attrtype><attwidth Sync="TRUE">10</attwidth><atprecis Sync="TRUE">10</atprecis><attscale Sync="TRUE">0</attscale></attr><attr><attrlabl Sync="TRUE">ESRIGNSS_R</attrlabl><attalias Sync="TRUE">ESRIGNSS_R</attalias><attrtype Sync="TRUE">String</attrtype><attwidth Sync="TRUE">50</attwidth><atprecis Sync="TRUE">0</atprecis><attscale Sync="TRUE">0</attscale></attr><attr><attrlabl Sync="TRUE">ESRIGNSS_L</attrlabl><attalias Sync="TRUE">ESRIGNSS_L</attalias><attrtype Sync="TRUE">Double</attrtype><attwidth Sync="TRUE">19</attwidth><atprecis Sync="TRUE">0</atprecis><attscale Sync="TRUE">0</attscale></attr><attr><attrlabl Sync="TRUE">ESRIGNSS_1</attrlabl><attalias Sync="TRUE">ESRIGNSS_1</attalias><attrtype Sync="TRUE">Double</attrtype><attwidth Sync="TRUE">19</attwidth><atprecis Sync="TRUE">0</atprecis><attscale Sync="TRUE">0</attscale></attr><attr><attrlabl Sync="TRUE">ESRIGNSS_A</attrlabl><attalias Sync="TRUE">ESRIGNSS_A</attalias><attrtype Sync="TRUE">Double</attrtype><attwidth Sync="TRUE">19</attwidth><atprecis Sync="TRUE">0</atprecis><attscale Sync="TRUE">0</attscale></attr><attr><attrlabl Sync="TRUE">ESRIGNSS_H</attrlabl><attalias Sync="TRUE">ESRIGNSS_H</attalias><attrtype Sync="TRUE">Double</attrtype><attwidth Sync="TRUE">19</attwidth><atprecis Sync="TRUE">0</atprecis><attscale Sync="TRUE">0</attscale></attr><attr><attrlabl Sync="TRUE">ESRIGNSS_V</attrlabl><attalias Sync="TRUE">ESRIGNSS_V</attalias><attrtype Sync="TRUE">Double</attrtype><attwidth Sync="TRUE">19</attwidth><atprecis Sync="TRUE">0</atprecis><attscale Sync="TRUE">0</attscale></attr><attr><attrlabl Sync="TRUE">ESRIGNSS_F</attrlabl><attalias Sync="TRUE">ESRIGNSS_F</attalias><attrtype Sync="TRUE">Date</attrtype><attwidth Sync="TRUE">8</attwidth><atprecis Sync="TRUE">0</atprecis><attscale Sync="TRUE">0</attscale></attr><attr><attrlabl Sync="TRUE">ESRIGNSS_2</attrlabl><attalias Sync="TRUE">ESRIGNSS_2</attalias><attrtype Sync="TRUE">Integer</attrtype><attwidth Sync="TRUE">10</attwidth><atprecis Sync="TRUE">10</atprecis><attscale Sync="TRUE">0</attscale></attr><attr><attrlabl Sync="TRUE">ESRIGNSS_C</attrlabl><attalias Sync="TRUE">ESRIGNSS_C</attalias><attrtype Sync="TRUE">Double</attrtype><attwidth Sync="TRUE">19</attwidth><atprecis Sync="TRUE">0</atprecis><attscale Sync="TRUE">0</attscale></attr><attr><attrlabl Sync="TRUE">ESRIGNSS_S</attrlabl><attalias Sync="TRUE">ESRIGNSS_S</attalias><attrtype Sync="TRUE">Integer</attrtype><attwidth Sync="TRUE">10</attwidth><atprecis Sync="TRUE">10</atprecis><attscale Sync="TRUE">0</attscale></attr><attr><attrlabl Sync="TRUE">ESRIGNSS_N</attrlabl><attalias Sync="TRUE">ESRIGNSS_N</attalias><attrtype Sync="TRUE">Integer</attrtype><attwidth Sync="TRUE">10</attwidth><atprecis Sync="TRUE">10</atprecis><attscale Sync="TRUE">0</attscale></attr><attr><attrlabl Sync="TRUE">ESRIGNSS_3</attrlabl><attalias Sync="TRUE">ESRIGNSS_3</attalias><attrtype Sync="TRUE">Double</attrtype><attwidth Sync="TRUE">19</attwidth><atprecis Sync="TRUE">0</atprecis><attscale Sync="TRUE">0</attscale></attr><attr><attrlabl Sync="TRUE">ESRIGNSS_4</attrlabl><attalias Sync="TRUE">ESRIGNSS_4</attalias><attrtype Sync="TRUE">Double</attrtype><attwidth Sync="TRUE">19</attwidth><atprecis Sync="TRUE">0</atprecis><attscale Sync="TRUE">0</attscale></attr><attr><attrlabl Sync="TRUE">ESRIGNSS_5</attrlabl><attalias Sync="TRUE">ESRIGNSS_5</attalias><attrtype Sync="TRUE">Double</attrtype><attwidth Sync="TRUE">19</attwidth><atprecis Sync="TRUE">0</atprecis><attscale Sync="TRUE">0</attscale></attr><attr><attrlabl Sync="TRUE">ESRIGNSS_D</attrlabl><attalias Sync="TRUE">ESRIGNSS_D</attalias><attrtype Sync="TRUE">Double</attrtype><attwidth Sync="TRUE">19</attwidth><atprecis Sync="TRUE">0</atprecis><attscale Sync="TRUE">0</attscale></attr><attr><attrlabl Sync="TRUE">ESRIGNSS_6</attrlabl><attalias Sync="TRUE">ESRIGNSS_6</attalias><attrtype Sync="TRUE">Double</attrtype><attwidth Sync="TRUE">19</attwidth><atprecis Sync="TRUE">0</atprecis><attscale Sync="TRUE">0</attscale></attr><attr><attrlabl Sync="TRUE">ESRISNSR_A</attrlabl><attalias Sync="TRUE">ESRISNSR_A</attalias><attrtype Sync="TRUE">Double</attrtype><attwidth Sync="TRUE">19</attwidth><atprecis Sync="TRUE">0</atprecis><attscale Sync="TRUE">0</attscale></attr><attr><attrlabl Sync="TRUE">ESRIGNSS_7</attrlabl><attalias Sync="TRUE">ESRIGNSS_7</attalias><attrtype Sync="TRUE">Double</attrtype><attwidth Sync="TRUE">19</attwidth><atprecis Sync="TRUE">0</atprecis><attscale Sync="TRUE">0</attscale></attr><attr><attrlabl Sync="TRUE">ESRIGNSS_8</attrlabl><attalias Sync="TRUE">ESRIGNSS_8</attalias><attrtype Sync="TRUE">Double</attrtype><attwidth Sync="TRUE">19</attwidth><atprecis Sync="TRUE">0</atprecis><attscale Sync="TRUE">0</attscale></attr><attr><attrlabl Sync="TRUE">ESRIGNSS_9</attrlabl><attalias Sync="TRUE">ESRIGNSS_9</attalias><attrtype Sync="TRUE">Integer</attrtype><attwidth Sync="TRUE">10</attwidth><atprecis Sync="TRUE">10</atprecis><attscale Sync="TRUE">0</attscale></attr><attr><attrlabl Sync="TRUE">ESRIGNS_10</attrlabl><attalias Sync="TRUE">ESRIGNS_10</attalias><attrtype Sync="TRUE">Double</attrtype><attwidth Sync="TRUE">19</attwidth><atprecis Sync="TRUE">0</atprecis><attscale Sync="TRUE">0</attscale></attr><attr><attrlabl Sync="TRUE">siteID</attrlabl><attalias Sync="TRUE">siteID</attalias><attrtype Sync="TRUE">String</attrtype><attwidth Sync="TRUE">80</attwidth><atprecis Sync="TRUE">0</atprecis><attscale Sync="TRUE">0</attscale></attr><attr><attrlabl Sync="TRUE">Name</attrlabl><attalias Sync="TRUE">Name</attalias><attrtype Sync="TRUE">String</attrtype><attwidth Sync="TRUE">254</attwidth><atprecis Sync="TRUE">0</atprecis><attscale Sync="TRUE">0</attscale></attr><attr><attrlabl Sync="TRUE">PlotType</attrlabl><attalias Sync="TRUE">PlotType</attalias><attrtype Sync="TRUE">String</attrtype><attwidth Sync="TRUE">254</attwidth><atprecis Sync="TRUE">0</atprecis><attscale Sync="TRUE">0</attscale></attr><attr><attrlabl Sync="TRUE">ALT_STATUS</attrlabl><attalias Sync="TRUE">ALT_STATUS</attalias><attrtype Sync="TRUE">String</attrtype><attwidth Sync="TRUE">254</attwidth><atprecis Sync="TRUE">0</atprecis><attscale Sync="TRUE">0</attscale></attr><attr><attrlabl Sync="TRUE">siteuse</attrlabl><attalias Sync="TRUE">siteuse</attalias><attrtype Sync="TRUE">String</attrtype><attwidth Sync="TRUE">80</attwidth><atprecis Sync="TRUE">0</atprecis><attscale Sync="TRUE">0</attscale></attr><attr><attrlabl Sync="TRUE">Dissolve</attrlabl><attalias Sync="TRUE">Dissolve</attalias><attrtype Sync="TRUE">String</attrtype><attwidth Sync="TRUE">80</attwidth><atprecis Sync="TRUE">0</atprecis><attscale Sync="TRUE">0</attscale></attr><attr><attrlabl Sync="TRUE">Oak100_sit</attrlabl><attalias Sync="TRUE">Oak100_sit</attalias><attrtype Sync="TRUE">Integer</attrtype><attwidth Sync="TRUE">10</attwidth><atprecis Sync="TRUE">10</atprecis><attscale Sync="TRUE">0</attscale></attr><attr><attrlabl Sync="TRUE">Moved</attrlabl><attalias Sync="TRUE">Moved</attalias><attrtype Sync="TRUE">String</attrtype><attwidth Sync="TRUE">254</attwidth><atprecis Sync="TRUE">0</atprecis><attscale Sync="TRUE">0</attscale></attr><attr><attrlabl Sync="TRUE">New_siteID</attrlabl><attalias Sync="TRUE">New_siteID</attalias><attrtype Sync="TRUE">String</attrtype><attwidth Sync="TRUE">254</attwidth><atprecis Sync="TRUE">0</atprecis><attscale Sync="TRUE">0</attscale></attr><attr><attrlabl Sync="TRUE">FolderPath</attrlabl><attalias Sync="TRUE">FolderPath</attalias><attrtype Sync="TRUE">String</attrtype><attwidth Sync="TRUE">254</attwidth><atprecis Sync="TRUE">0</atprecis><attscale Sync="TRUE">0</attscale></attr><attr><attrlabl Sync="TRUE">SymbolID</attrlabl><attalias Sync="TRUE">SymbolID</attalias><attrtype Sync="TRUE">Integer</attrtype><attwidth Sync="TRUE">10</attwidth><atprecis Sync="TRUE">10</atprecis><attscale Sync="TRUE">0</attscale></attr><attr><attrlabl Sync="TRUE">AltMode</attrlabl><attalias Sync="TRUE">AltMode</attalias><attrtype Sync="TRUE">Integer</attrtype><attwidth Sync="TRUE">5</attwidth><atprecis Sync="TRUE">5</atprecis><attscale Sync="TRUE">0</attscale></attr><attr><attrlabl Sync="TRUE">Base</attrlabl><attalias Sync="TRUE">Base</attalias><attrtype Sync="TRUE">Double</attrtype><attwidth Sync="TRUE">19</attwidth><atprecis Sync="TRUE">0</atprecis><attscale Sync="TRUE">0</attscale></attr><attr><attrlabl Sync="TRUE">Snippet</attrlabl><attalias Sync="TRUE">Snippet</attalias><attrtype Sync="TRUE">String</attrtype><attwidth Sync="TRUE">254</attwidth><atprecis Sync="TRUE">0</atprecis><attscale Sync="TRUE">0</attscale></attr><attr><attrlabl Sync="TRUE">PopupInfo</attrlabl><attalias Sync="TRUE">PopupInfo</attalias><attrtype Sync="TRUE">String</attrtype><attwidth Sync="TRUE">254</attwidth><atprecis Sync="TRUE">0</atprecis><attscale Sync="TRUE">0</attscale></attr><attr><attrlabl Sync="TRUE">HasLabel</attrlabl><attalias Sync="TRUE">HasLabel</attalias><attrtype Sync="TRUE">Integer</attrtype><attwidth Sync="TRUE">5</attwidth><atprecis Sync="TRUE">5</atprecis><attscale Sync="TRUE">0</attscale></attr><attr><attrlabl Sync="TRUE">LabelID</attrlabl><attalias Sync="TRUE">LabelID</attalias><attrtype Sync="TRUE">Integer</attrtype><attwidth Sync="TRUE">10</attwidth><atprecis Sync="TRUE">10</atprecis><attscale Sync="TRUE">0</attscale></attr></detailed></eainfo><mdDateSt Sync="TRUE">20230814</mdDateSt></metadata>
