<metadata xml:lang="en"><Esri><CreaDate>20230511</CreaDate><CreaTime>11284700</CreaTime><ArcGISFormat>1.0</ArcGISFormat><SyncOnce>FALSE</SyncOnce><DataProperties><lineage><Process ToolSource="c:\program files (x86)\arcgis\desktop10.7\ArcToolbox\Toolboxes\Data Management Tools.tbx\CalculateField" Date="20221114" Time="144852">CalculateField C:\GIS_Data\R3\Testing_2022\11-14-22\R3ADS2022\Flat_to_8-15.gdb\DAMAGE_AREAS_FLAT_ALBERS ACRES !shape.area@acres! PYTHON #</Process><Process ToolSource="c:\program files (x86)\arcgis\desktop10.5\ArcToolbox\Toolboxes\Data Management Tools.tbx\Merge" Date="20230511" Time="111957">Merge DAMAGE_AREAS_FLAT_ALBERS;R3_2020_Forest_Health_Polys;DAMAGE_AREAS_FLAT_CONUS_Rgn3_2021 C:\Users\nwilhelmi\Documents\ArcGIS\Default.gdb\DAMAGE_AREAS_FLAT_ALBERS_Mer "DAMAGE_AREA_ID "DAMAGE_AREA_ID" true true false 50 Text 0 0 ,First,#,DAMAGE_AREAS_FLAT_ALBERS,DAMAGE_AREA_ID,-1,-1,R3_2020_Forest_Health_Polys,DAMAGE_AREA_ID,-1,-1,DAMAGE_AREAS_FLAT_CONUS_Rgn3_2021,DAMAGE_AREA_ID,-1,-1;CREATED_DATE "CREATED_DATE" true true false 8 Date 0 0 ,First,#,DAMAGE_AREAS_FLAT_ALBERS,CREATED_DATE,-1,-1,R3_2020_Forest_Health_Polys,CREATED_DATE,-1,-1,DAMAGE_AREAS_FLAT_CONUS_Rgn3_2021,CREATED_DATE,-1,-1;MODIFIED_DATE "MODIFIED_DATE" true true false 8 Date 0 0 ,First,#,DAMAGE_AREAS_FLAT_ALBERS,MODIFIED_DATE,-1,-1,R3_2020_Forest_Health_Polys,MODIFIED_DATE,-1,-1,DAMAGE_AREAS_FLAT_CONUS_Rgn3_2021,MODIFIED_DATE,-1,-1;FEATURE_USER_ID "FEATURE_USER_ID" true true false 50 Text 0 0 ,First,#,DAMAGE_AREAS_FLAT_ALBERS,FEATURE_USER_ID,-1,-1,R3_2020_Forest_Health_Polys,FEATURE_USER_ID,-1,-1,DAMAGE_AREAS_FLAT_CONUS_Rgn3_2021,FEATURE_USER_ID,-1,-1;OBSERVATION_USER_ID "OBSERVATION_USER_ID" true true false 50 Text 0 0 ,First,#,DAMAGE_AREAS_FLAT_ALBERS,OBSERVATION_USER_ID,-1,-1,R3_2020_Forest_Health_Polys,OBSERVATION_USER_ID,-1,-1,DAMAGE_AREAS_FLAT_CONUS_Rgn3_2021,OBSERVATION_USER_ID,-1,-1;REGION_ID "REGION_ID" true true false 4 Long 0 0 ,First,#,DAMAGE_AREAS_FLAT_ALBERS,REGION_ID,-1,-1,R3_2020_Forest_Health_Polys,REGION_ID,-1,-1,DAMAGE_AREAS_FLAT_CONUS_Rgn3_2021,REGION_ID,-1,-1;LABEL "LABEL" true true false 20 Text 0 0 ,First,#,DAMAGE_AREAS_FLAT_ALBERS,LABEL,-1,-1,R3_2020_Forest_Health_Polys,LABEL,-1,-1,DAMAGE_AREAS_FLAT_CONUS_Rgn3_2021,LABEL,-1,-1;HOST_CODE "HOST_CODE" true true false 4 Long 0 0 ,First,#,DAMAGE_AREAS_FLAT_ALBERS,HOST_CODE,-1,-1,R3_2020_Forest_Health_Polys,HOST_CODE,-1,-1,DAMAGE_AREAS_FLAT_CONUS_Rgn3_2021,HOST_CODE,-1,-1;HOST "HOST" true true false 200 Text 0 0 ,First,#,DAMAGE_AREAS_FLAT_ALBERS,HOST,-1,-1,R3_2020_Forest_Health_Polys,HOST,-1,-1,DAMAGE_AREAS_FLAT_CONUS_Rgn3_2021,HOST,-1,-1;HOST_GROUP_CODE "HOST_GROUP_CODE" true true false 4 Long 0 0 ,First,#,DAMAGE_AREAS_FLAT_ALBERS,HOST_GROUP_CODE,-1,-1,R3_2020_Forest_Health_Polys,HOST_GROUP_CODE,-1,-1,DAMAGE_AREAS_FLAT_CONUS_Rgn3_2021,HOST_GROUP_CODE,-1,-1;DCA_CODE "DCA_CODE" true true false 4 Long 0 0 ,First,#,DAMAGE_AREAS_FLAT_ALBERS,DCA_CODE,-1,-1,R3_2020_Forest_Health_Polys,DCA_CODE,-1,-1,DAMAGE_AREAS_FLAT_CONUS_Rgn3_2021,DCA_CODE,-1,-1;DCA "DCA" true true false 200 Text 0 0 ,First,#,DAMAGE_AREAS_FLAT_ALBERS,DCA,-1,-1,R3_2020_Forest_Health_Polys,DCA,-1,-1;DAMAGE_TYPE_CODE "DAMAGE_TYPE_CODE" true true false 4 Long 0 0 ,First,#,DAMAGE_AREAS_FLAT_ALBERS,DAMAGE_TYPE_CODE,-1,-1,R3_2020_Forest_Health_Polys,DAMAGE_TYPE_CODE,-1,-1,DAMAGE_AREAS_FLAT_CONUS_Rgn3_2021,DAMAGE_TYPE_CODE,-1,-1;DAMAGE_TYPE "DAMAGE_TYPE" true true false 200 Text 0 0 ,First,#,DAMAGE_AREAS_FLAT_ALBERS,DAMAGE_TYPE,-1,-1,R3_2020_Forest_Health_Polys,DAMAGE_TYPE,-1,-1,DAMAGE_AREAS_FLAT_CONUS_Rgn3_2021,DAMAGE_TYPE,-1,-1;PERCENT_AFFECTED_CODE "PERCENT_AFFECTED_CODE" true true false 2 Short 0 0 ,First,#,DAMAGE_AREAS_FLAT_ALBERS,PERCENT_AFFECTED_CODE,-1,-1,R3_2020_Forest_Health_Polys,PERCENT_AFFECTED_CODE,-1,-1,DAMAGE_AREAS_FLAT_CONUS_Rgn3_2021,PERCENT_AFFECTED_CODE,-1,-1;PCT_AFFECTED "PCT_AFFECTED" true true false 200 Text 0 0 ,First,#,DAMAGE_AREAS_FLAT_ALBERS,PCT_AFFECTED,-1,-1,R3_2020_Forest_Health_Polys,PCT_AFFECTED,-1,-1;PUBLISHED "PUBLISHED" true true false 2 Short 0 0 ,First,#,DAMAGE_AREAS_FLAT_ALBERS,PUBLISHED,-1,-1,R3_2020_Forest_Health_Polys,PUBLISHED,-1,-1;PUBLISHED_DESC "PUBLISHED_DESC" true true false 50 Text 0 0 ,First,#,DAMAGE_AREAS_FLAT_ALBERS,PUBLISHED_DESC,-1,-1,R3_2020_Forest_Health_Polys,PUBLISHED_DESC,-1,-1;SNAPGRID_ROW "SNAPGRID_ROW" true true false 4 Long 0 0 ,First,#,DAMAGE_AREAS_FLAT_ALBERS,SNAPGRID_ROW,-1,-1,R3_2020_Forest_Health_Polys,SNAPGRID_ROW,-1,-1,DAMAGE_AREAS_FLAT_CONUS_Rgn3_2021,SNAPGRID_ROW,-1,-1;SNAPGRID_COLUMN "SNAPGRID_COLUMN" true true false 4 Long 0 0 ,First,#,DAMAGE_AREAS_FLAT_ALBERS,SNAPGRID_COLUMN,-1,-1,R3_2020_Forest_Health_Polys,SNAPGRID_COLUMN,-1,-1,DAMAGE_AREAS_FLAT_CONUS_Rgn3_2021,SNAPGRID_COLUMN,-1,-1;NOTES "NOTES" true true false 500 Text 0 0 ,First,#,DAMAGE_AREAS_FLAT_ALBERS,NOTES,-1,-1,R3_2020_Forest_Health_Polys,NOTES,-1,-1,DAMAGE_AREAS_FLAT_CONUS_Rgn3_2021,NOTES,-1,-1;OBSERVATION_COUNT "OBSERVATION_COUNT" true true false 500 Text 0 0 ,First,#,DAMAGE_AREAS_FLAT_ALBERS,OBSERVATION_COUNT,-1,-1,R3_2020_Forest_Health_Polys,OBSERVATION_COUNT,-1,-1,DAMAGE_AREAS_FLAT_CONUS_Rgn3_2021,OBSERVATION_COUNT,-1,-1;COLLECTION_MODE "COLLECTION_MODE" true true false 50 Text 0 0 ,First,#,DAMAGE_AREAS_FLAT_ALBERS,COLLECTION_MODE,-1,-1,R3_2020_Forest_Health_Polys,COLLECTION_MODE,-1,-1,DAMAGE_AREAS_FLAT_CONUS_Rgn3_2021,COLLECTION_MODE,-1,-1;AREA_TYPE "AREA_TYPE" true true false 50 Text 0 0 ,First,#,DAMAGE_AREAS_FLAT_ALBERS,AREA_TYPE,-1,-1,R3_2020_Forest_Health_Polys,AREA_TYPE,-1,-1,DAMAGE_AREAS_FLAT_CONUS_Rgn3_2021,AREA_TYPE,-1,-1;OBSERVATION_ID "OBSERVATION_ID" true true false 50 Text 0 0 ,First,#,DAMAGE_AREAS_FLAT_ALBERS,OBSERVATION_ID,-1,-1,R3_2020_Forest_Health_Polys,OBSERVATION_ID,-1,-1,DAMAGE_AREAS_FLAT_CONUS_Rgn3_2021,OBSERVATION_ID,-1,-1;PHOTOS "PHOTOS" true true false 255 Text 0 0 ,First,#,DAMAGE_AREAS_FLAT_ALBERS,PHOTOS,-1,-1,R3_2020_Forest_Health_Polys,PHOTOS,-1,-1;EXTRACTED_DATE "EXTRACTED_DATE" true true false 8 Date 0 0 ,First,#,DAMAGE_AREAS_FLAT_ALBERS,EXTRACTED_DATE,-1,-1,R3_2020_Forest_Health_Polys,EXTRACTED_DATE,-1,-1;ACRES "ACRES" true true false 4 Float 0 0 ,First,#,DAMAGE_AREAS_FLAT_ALBERS,ACRES,-1,-1,R3_2020_Forest_Health_Polys,ACRES,-1,-1,DAMAGE_AREAS_FLAT_CONUS_Rgn3_2021,ACRES,-1,-1;SHAPE_Length "SHAPE_Length" false true true 8 Double 0 0 ,First,#,DAMAGE_AREAS_FLAT_ALBERS,SHAPE_Length,-1,-1,R3_2020_Forest_Health_Polys,SHAPE_Length,-1,-1,DAMAGE_AREAS_FLAT_CONUS_Rgn3_2021,SHAPE_Length,-1,-1;SHAPE_Area "SHAPE_Area" false true true 8 Double 0 0 ,First,#,DAMAGE_AREAS_FLAT_ALBERS,SHAPE_Area,-1,-1,R3_2020_Forest_Health_Polys,SHAPE_Area,-1,-1,DAMAGE_AREAS_FLAT_CONUS_Rgn3_2021,SHAPE_Area,-1,-1;DCA_COMMON_NAME "DCA_COMMON_NAME" true true false 255 Text 0 0 ,First,#,DAMAGE_AREAS_FLAT_CONUS_Rgn3_2021,DCA_COMMON_NAME,-1,-1;PERCENT_AFFECTED "PERCENT_AFFECTED" true true false 50 Text 0 0 ,First,#,DAMAGE_AREAS_FLAT_CONUS_Rgn3_2021,PERCENT_AFFECTED,-1,-1;PERCENT_MIN "PERCENT_MIN" true true false 8 Double 0 0 ,First,#,DAMAGE_AREAS_FLAT_CONUS_Rgn3_2021,PERCENT_MIN,-1,-1;PERCENT_MAX "PERCENT_MAX" true true false 8 Double 0 0 ,First,#,DAMAGE_AREAS_FLAT_CONUS_Rgn3_2021,PERCENT_MAX,-1,-1;PERCENT_MID "PERCENT_MID" true true false 8 Double 0 0 ,First,#,DAMAGE_AREAS_FLAT_CONUS_Rgn3_2021,PERCENT_MID,-1,-1;STATUS "STATUS" true true false 2 Short 0 0 ,First,#,DAMAGE_AREAS_FLAT_CONUS_Rgn3_2021,STATUS,-1,-1;SURVEY_YEAR "SURVEY_YEAR" true true false 2 Short 0 0 ,First,#,DAMAGE_AREAS_FLAT_CONUS_Rgn3_2021,SURVEY_YEAR,-1,-1;LEGACY_SEVERITY_CODE "LEGACY_SEVERITY_CODE" true true false 2 Short 0 0 ,First,#,DAMAGE_AREAS_FLAT_CONUS_Rgn3_2021,LEGACY_SEVERITY_CODE,-1,-1;LEGACY_SEVERITY "LEGACY_SEVERITY" true true false 30 Text 0 0 ,First,#,DAMAGE_AREAS_FLAT_CONUS_Rgn3_2021,LEGACY_SEVERITY,-1,-1;LEGACY_PATTERN_CODE "LEGACY_PATTERN_CODE" true true false 2 Short 0 0 ,First,#,DAMAGE_AREAS_FLAT_CONUS_Rgn3_2021,LEGACY_PATTERN_CODE,-1,-1;LEGACY_PATTERN "LEGACY_PATTERN" true true false 65 Text 0 0 ,First,#,DAMAGE_AREAS_FLAT_CONUS_Rgn3_2021,LEGACY_PATTERN,-1,-1;LEGACY_TPA "LEGACY_TPA" true true false 8 Double 0 0 ,First,#,DAMAGE_AREAS_FLAT_CONUS_Rgn3_2021,LEGACY_TPA,-1,-1;LEGACY_NO_TREES "LEGACY_NO_TREES" true true false 4 Long 0 0 ,First,#,DAMAGE_AREAS_FLAT_CONUS_Rgn3_2021,LEGACY_NO_TREES,-1,-1;LEGACY_FOREST_TYPE_CODE "LEGACY_FOREST_TYPE_CODE" true true false 2 Short 0 0 ,First,#,DAMAGE_AREAS_FLAT_CONUS_Rgn3_2021,LEGACY_FOREST_TYPE_CODE,-1,-1;LEGACY_FOREST_TYPE "LEGACY_FOREST_TYPE" true true false 45 Text 0 0 ,First,#,DAMAGE_AREAS_FLAT_CONUS_Rgn3_2021,LEGACY_FOREST_TYPE,-1,-1;GRP "GRP" true true false 2 Short 0 0 ,First,#,DAMAGE_AREAS_FLAT_CONUS_Rgn3_2021,GRP,-1,-1;IDS_DATA_SOURCE "IDS_DATA_SOURCE" true true false 20 Text 0 0 ,First,#,DAMAGE_AREAS_FLAT_CONUS_Rgn3_2021,IDS_DATA_SOURCE,-1,-1;DATA_SOURCE_NAME "DATA_SOURCE_NAME" true true false 50 Text 0 0 ,First,#,DAMAGE_AREAS_FLAT_CONUS_Rgn3_2021,DATA_SOURCE_NAME,-1,-1;US_AREA "US_AREA" true true false 20 Text 0 0 ,First,#,DAMAGE_AREAS_FLAT_CONUS_Rgn3_2021,US_AREA,-1,-1"</Process><Process ToolSource="c:\program files\arcgis\pro\Resources\ArcToolbox\toolboxes\Data Management Tools.tbx\UpdateSchema" Date="20230522" Time="164220">UpdateSchema "CIMDATA=&lt;CIMStandardDataConnection xsi:type='typens:CIMStandardDataConnection' xmlns:xsi='http://www.w3.org/2001/XMLSchema-instance' xmlns:xs='http://www.w3.org/2001/XMLSchema' xmlns:typens='http://www.esri.com/schemas/ArcGIS/3.1.0'&gt;&lt;WorkspaceConnectionString&gt;DATABASE=G:\Shared drives\Tentacle Drive\Emory Oak ProjectS\Spatial Data\USFS R3 Aerial Detection Survey data 2018-2022\severity_ADS_20_22&lt;/WorkspaceConnectionString&gt;&lt;WorkspaceFactory&gt;Shapefile&lt;/WorkspaceFactory&gt;&lt;Dataset&gt;Poly_20_22_Severe_Verysevere.shp&lt;/Dataset&gt;&lt;DatasetType&gt;esriDTFeatureClass&lt;/DatasetType&gt;&lt;/CIMStandardDataConnection&gt;" &lt;operationSequence&gt;&lt;workflow&gt;&lt;AddField&gt;&lt;field_name&gt;Dissolve&lt;/field_name&gt;&lt;field_type&gt;TEXT&lt;/field_type&gt;&lt;field_length&gt;255&lt;/field_length&gt;&lt;field_is_nullable&gt;False&lt;/field_is_nullable&gt;&lt;field_is_required&gt;False&lt;/field_is_required&gt;&lt;/AddField&gt;&lt;/workflow&gt;&lt;/operationSequence&gt;</Process><Process ToolSource="c:\program files\arcgis\pro\Resources\ArcToolbox\toolboxes\Data Management Tools.tbx\CalculateField" Date="20230522" Time="164255">CalculateField Poly_20_22_Severe_Verysevere Dissolve "severeverysevere" "Python 3" # Text NO_ENFORCE_DOMAINS</Process><Process ToolSource="c:\program files\arcgis\pro\Resources\ArcToolbox\toolboxes\Analysis Tools.tbx\PairwiseClip" Date="20230522" Time="164440">PairwiseClip Poly_20_22_Severe_Verysevere EmoryOak_Jurisdictions_RoadBuffer_Slope_AZ_ERU "G:\Shared drives\Tentacle Drive\Emory Oak ProjectS\Spatial Data\NOAA Sampling Design\NOAA_sampling.gdb\Poly_20_22_Severe_Verysevere_ClippedTo_NOAAEmoryOak" #</Process><Process ToolSource="c:\program files\arcgis\pro\Resources\ArcToolbox\toolboxes\Analysis Tools.tbx\PairwiseDissolve" Date="20230522" Time="164918">PairwiseDissolve Poly_20_22_Severe_Verysevere_ClippedTo_NOAAEmoryOak "G:\Shared drives\Tentacle Drive\Emory Oak ProjectS\Spatial Data\NOAA Sampling Design\NOAA_sampling.gdb\Poly_20_22_Severe_Verysevere_ClippedTo_NOAAEmoryOak_dissolve" Dissolve # MULTI_PART #</Process><Process ToolSource="c:\program files\arcgis\pro\Resources\ArcToolbox\toolboxes\Data Management Tools.tbx\CopyFeatures" Date="20230522" Time="170136">CopyFeatures Poly_20_22_Severe_Verysevere_ClippedTo_NOAAEmoryOak_dissolve "G:\Shared drives\Tentacle Drive\Emory Oak ProjectS\Spatial Data\Exports for Sara to use in R\Poly_20_22_Severe_Verysevere_ClippedTo_NOAAEmoryOak_dissolve.shp" # # # #</Process></lineage><itemProps><itemName Sync="TRUE">Poly_20_22_Severe_Verysevere_ClippedTo_NOAAEmoryOak_dissolve</itemName><imsContentType Sync="TRUE">002</imsContentType><itemLocation><linkage Sync="TRUE">file://\\CMP-3RV3533\G$\Shared drives\Tentacle Drive\Emory Oak ProjectS\Spatial Data\Exports for Sara to use in R\Poly_20_22_Severe_Verysevere_ClippedTo_NOAAEmoryOak_dissolve.shp</linkage><protocol Sync="TRUE">Local Area Network</protocol></itemLocation><itemSize Sync="TRUE">0.000</itemSize></itemProps><coordRef><type Sync="TRUE">Projected</type><geogcsn Sync="TRUE">GCS_North_American_1983</geogcsn><csUnits Sync="TRUE">Linear Unit: Meter (1.000000)</csUnits><projcsn Sync="TRUE">USA_Contiguous_Albers_Equal_Area_Conic_USGS_version</projcsn><peXml Sync="TRUE">&lt;ProjectedCoordinateSystem xsi:type='typens:ProjectedCoordinateSystem' xmlns:xsi='http://www.w3.org/2001/XMLSchema-instance' xmlns:xs='http://www.w3.org/2001/XMLSchema' xmlns:typens='http://www.esri.com/schemas/ArcGIS/3.1.0'&gt;&lt;WKT&gt;PROJCS[&amp;quot;USA_Contiguous_Albers_Equal_Area_Conic_USGS_version&amp;quot;,GEOGCS[&amp;quot;GCS_North_American_1983&amp;quot;,DATUM[&amp;quot;D_North_American_1983&amp;quot;,SPHEROID[&amp;quot;GRS_1980&amp;quot;,6378137.0,298.257222101]],PRIMEM[&amp;quot;Greenwich&amp;quot;,0.0],UNIT[&amp;quot;Degree&amp;quot;,0.0174532925199433]],PROJECTION[&amp;quot;Albers&amp;quot;],PARAMETER[&amp;quot;False_Easting&amp;quot;,0.0],PARAMETER[&amp;quot;False_Northing&amp;quot;,0.0],PARAMETER[&amp;quot;Central_Meridian&amp;quot;,-96.0],PARAMETER[&amp;quot;Standard_Parallel_1&amp;quot;,29.5],PARAMETER[&amp;quot;Standard_Parallel_2&amp;quot;,45.5],PARAMETER[&amp;quot;Latitude_Of_Origin&amp;quot;,23.0],UNIT[&amp;quot;Meter&amp;quot;,1.0],AUTHORITY[&amp;quot;Esri&amp;quot;,102039]]&lt;/WKT&gt;&lt;XOrigin&gt;-16901100&lt;/XOrigin&gt;&lt;YOrigin&gt;-6972200&lt;/YOrigin&gt;&lt;XYScale&gt;266467840.99085236&lt;/XYScale&gt;&lt;ZOrigin&gt;-100000&lt;/ZOrigin&gt;&lt;ZScale&gt;10000&lt;/ZScale&gt;&lt;MOrigin&gt;-100000&lt;/MOrigin&gt;&lt;MScale&gt;10000&lt;/MScale&gt;&lt;XYTolerance&gt;0.001&lt;/XYTolerance&gt;&lt;ZTolerance&gt;0.001&lt;/ZTolerance&gt;&lt;MTolerance&gt;0.001&lt;/MTolerance&gt;&lt;HighPrecision&gt;true&lt;/HighPrecision&gt;&lt;WKID&gt;102039&lt;/WKID&gt;&lt;LatestWKID&gt;102039&lt;/LatestWKID&gt;&lt;/ProjectedCoordinateSystem&gt;</peXml></coordRef></DataProperties><SyncDate>20230522</SyncDate><SyncTime>17013500</SyncTime><ModDate>20230522</ModDate><ModTime>17013500</ModTime></Esri><dataIdInfo><envirDesc Sync="TRUE">Microsoft Windows 10 Version 10.0 (Build 19044) ; Esri ArcGIS 13.1.0.41833</envirDesc><dataLang><languageCode value="eng" Sync="TRUE"></languageCode><countryCode value="USA" Sync="TRUE"></countryCode></dataLang><idCitation><resTitle Sync="TRUE">Poly_20_22_Severe_Verysevere_ClippedTo_NOAAEmoryOak_dissolve</resTitle><presForm><PresFormCd value="005" Sync="TRUE"></PresFormCd></presForm></idCitation><spatRpType><SpatRepTypCd value="001" Sync="TRUE"></SpatRepTypCd></spatRpType></dataIdInfo><mdLang><languageCode value="eng" Sync="TRUE"></languageCode><countryCode value="USA" Sync="TRUE"></countryCode></mdLang><distInfo><distFormat><formatName Sync="TRUE">Shapefile</formatName></distFormat><distTranOps><transSize Sync="TRUE">0.000</transSize></distTranOps></distInfo><mdHrLv><ScopeCd value="005" Sync="TRUE"></ScopeCd></mdHrLv><mdHrLvName Sync="TRUE">dataset</mdHrLvName><refSysInfo><RefSystem><refSysID><identCode code="102039" Sync="TRUE"></identCode><idCodeSpace Sync="TRUE">Esri</idCodeSpace><idVersion Sync="TRUE">8.1.2</idVersion></refSysID></RefSystem></refSysInfo><spatRepInfo><VectSpatRep><geometObjs Name="Poly_20_22_Severe_Verysevere_ClippedTo_NOAAEmoryOak_dissolve"><geoObjTyp><GeoObjTypCd value="002" Sync="TRUE"></GeoObjTypCd></geoObjTyp><geoObjCnt Sync="TRUE">0</geoObjCnt></geometObjs><topLvl><TopoLevCd value="001" Sync="TRUE"></TopoLevCd></topLvl></VectSpatRep></spatRepInfo><spdoinfo><ptvctinf><esriterm Name="Poly_20_22_Severe_Verysevere_ClippedTo_NOAAEmoryOak_dissolve"><efeatyp Sync="TRUE">Simple</efeatyp><efeageom code="4" Sync="TRUE"></efeageom><esritopo Sync="TRUE">FALSE</esritopo><efeacnt Sync="TRUE">0</efeacnt><spindex Sync="TRUE">FALSE</spindex><linrefer Sync="TRUE">FALSE</linrefer></esriterm></ptvctinf></spdoinfo><eainfo><detailed Name="Poly_20_22_Severe_Verysevere_ClippedTo_NOAAEmoryOak_dissolve"><enttyp><enttypl Sync="TRUE">Poly_20_22_Severe_Verysevere_ClippedTo_NOAAEmoryOak_dissolve</enttypl><enttypt Sync="TRUE">Feature Class</enttypt><enttypc Sync="TRUE">0</enttypc></enttyp><attr><attrlabl Sync="TRUE">FID</attrlabl><attalias Sync="TRUE">FID</attalias><attrtype Sync="TRUE">OID</attrtype><attwidth Sync="TRUE">4</attwidth><atprecis Sync="TRUE">0</atprecis><attscale Sync="TRUE">0</attscale><attrdef Sync="TRUE">Internal feature number.</attrdef><attrdefs Sync="TRUE">Esri</attrdefs><attrdomv><udom Sync="TRUE">Sequential unique whole numbers that are automatically generated.</udom></attrdomv></attr><attr><attrlabl Sync="TRUE">Shape</attrlabl><attalias Sync="TRUE">Shape</attalias><attrtype Sync="TRUE">Geometry</attrtype><attwidth Sync="TRUE">0</attwidth><atprecis Sync="TRUE">0</atprecis><attscale Sync="TRUE">0</attscale><attrdef Sync="TRUE">Feature geometry.</attrdef><attrdefs Sync="TRUE">Esri</attrdefs><attrdomv><udom Sync="TRUE">Coordinates defining the features.</udom></attrdomv></attr><attr><attrlabl Sync="TRUE">Dissolve</attrlabl><attalias Sync="TRUE">Dissolve</attalias><attrtype Sync="TRUE">String</attrtype><attwidth Sync="TRUE">254</attwidth><atprecis Sync="TRUE">0</atprecis><attscale Sync="TRUE">0</attscale></attr><attr><attrlabl Sync="TRUE">Shape_Leng</attrlabl><attalias Sync="TRUE">Shape_Leng</attalias><attrtype Sync="TRUE">Double</attrtype><attwidth Sync="TRUE">19</attwidth><atprecis Sync="TRUE">0</atprecis><attscale Sync="TRUE">0</attscale></attr><attr><attrlabl Sync="TRUE">Shape_Area</attrlabl><attalias Sync="TRUE">Shape_Area</attalias><attrtype Sync="TRUE">Double</attrtype><attwidth Sync="TRUE">19</attwidth><atprecis Sync="TRUE">0</atprecis><attscale Sync="TRUE">0</attscale><attrdef Sync="TRUE">Area of feature in internal units squared.</attrdef><attrdefs Sync="TRUE">Esri</attrdefs><attrdomv><udom Sync="TRUE">Positive real numbers that are automatically generated.</udom></attrdomv></attr></detailed></eainfo><mdDateSt Sync="TRUE">20230522</mdDateSt></metadata>
